CZKI3M Curncy,-0.1462
HUFI3M Curncy,-0.17179999999999995
PLNI3M Curncy,-0.2636999999999998
